account,valid,cagr,continuous_mdd,daily_mdd,fees_usdt,funding_usdt,rejections,raw_sha256
spot/risk/consensus/base,True,0.5185027797160926,0.41207334833790377,0.3982569818671834,1326.742986308661454706250007,0,,42de6af1d1761ccf0260f81793e7746eb56eb08817c944e282f0f8479cced87f
spot/risk/trend-reentry/base,True,0.5045248565843652,0.40570231407109975,0.39203984784835,1236.004151490292831164930562,0,,42de6af1d1761ccf0260f81793e7746eb56eb08817c944e282f0f8479cced87f
spot/risk/target-participation/base,True,0.5378811002887831,0.39720976538411296,0.38407027422548645,1366.813779942803156081597262,0,,42de6af1d1761ccf0260f81793e7746eb56eb08817c944e282f0f8479cced87f
spot/risk/atr-close/base,True,0.5012762327525446,0.4167237692350103,0.39825837536231845,1224.644621365061564110763917,0,,42de6af1d1761ccf0260f81793e7746eb56eb08817c944e282f0f8479cced87f
spot/risk/atr-stop/base,True,0.5519668278179155,0.36367085437049146,0.3401469348826094,1517.868705239672284959374993,0,,42de6af1d1761ccf0260f81793e7746eb56eb08817c944e282f0f8479cced87f
spot/risk/core-permanent/base,True,0.5008178523926305,0.3674337555797533,0.34625769639361803,976.3585605714993964906249720,0,,42de6af1d1761ccf0260f81793e7746eb56eb08817c944e282f0f8479cced87f
spot/risk/core-slow/base,True,0.4849911995412637,0.40667544808897016,0.39319850807105516,1067.762334878420097393402790,0,,42de6af1d1761ccf0260f81793e7746eb56eb08817c944e282f0f8479cced87f
spot/consensus/base,True,0.5185027797160926,0.41207334833790377,0.3982569818671834,1326.742986308661454706250007,0,,8c22b10383f637ae2cf87f7c8f027a765c5fb7b0e9af58d331d14dba89fe439a
spot/consensus/fee150,True,0.5088993401414168,0.41422125252797176,0.40045537529737507,1937.095764180454072902604127,0,,8c22b10383f637ae2cf87f7c8f027a765c5fb7b0e9af58d331d14dba89fe439a
spot/consensus/slip2,True,0.5087610724396199,0.41451348972291513,0.4007544816084625,1290.503381750024588399999983,0,,8c22b10383f637ae2cf87f7c8f027a765c5fb7b0e9af58d331d14dba89fe439a
spot/consensus/outage,True,0.5185027797160926,0.41207334833790377,0.3982569818671834,1326.742986308661454706250007,0,,8c22b10383f637ae2cf87f7c8f027a765c5fb7b0e9af58d331d14dba89fe439a
spot/trend-reentry/base,True,0.5054943653996744,0.41207863884233453,0.3982624073891011,1262.414738270622797376736106,0,,b72181ba8f7c3b8e925ccdf2bf2757ed4b67a1821c2b2a656ca74207034535a8
spot/trend-reentry/fee150,True,0.49583012697768925,0.41422014558669146,0.400454241728626,1842.347808169658622571354152,0,,b72181ba8f7c3b8e925ccdf2bf2757ed4b67a1821c2b2a656ca74207034535a8
spot/trend-reentry/slip2,True,0.4957019398285223,0.414511357390082,0.40075229432801196,1227.437732901229018487499978,0,,b72181ba8f7c3b8e925ccdf2bf2757ed4b67a1821c2b2a656ca74207034535a8
spot/trend-reentry/outage,True,0.5054943653996744,0.41207863884233453,0.3982624073891011,1262.414738270622797376736106,0,,b72181ba8f7c3b8e925ccdf2bf2757ed4b67a1821c2b2a656ca74207034535a8
spot/target-participation/base,True,0.5435077806672839,0.41776456815246704,0.40408195456446216,1462.047341673503460217708329,0,,f854446dd7bf4215940f279801b31e518fb7d3d356009755ae26c742072d1134
spot/target-participation/fee150,True,0.5334859894165958,0.4200210760498609,0.4063914922534462,2132.459519367819209753645865,0,,f854446dd7bf4215940f279801b31e518fb7d3d356009755ae26c742072d1134
spot/target-participation/slip2,True,0.5332866938986662,0.42031159881980706,0.4066888325916579,1420.307346957495666768749999,0,,f854446dd7bf4215940f279801b31e518fb7d3d356009755ae26c742072d1134
spot/target-participation/outage,True,0.5435077806672839,0.41776456815246704,0.40408195456446216,1462.047341673503460217708329,0,,f854446dd7bf4215940f279801b31e518fb7d3d356009755ae26c742072d1134
spot/atr-close/base,True,0.5012762327525446,0.4167237692350103,0.39825837536231845,1224.644621365061564110763917,0,,f84e6e6ad188996b1ab7f640f30aeb7c736034823c068a61ae850da336bb974a
spot/atr-close/fee150,True,0.49190699939536153,0.4188576835566262,0.4004598498264548,1789.133048733422183491145817,0,,f84e6e6ad188996b1ab7f640f30aeb7c736034823c068a61ae850da336bb974a
spot/atr-close/slip2,True,0.4917754774489511,0.41914500979727065,0.40075627917811973,1191.964655793188970156250015,0,,f84e6e6ad188996b1ab7f640f30aeb7c736034823c068a61ae850da336bb974a
spot/atr-close/outage,True,0.5012762327525446,0.4167237692350103,0.39825837536231845,1224.644621365061564110763917,0,,f84e6e6ad188996b1ab7f640f30aeb7c736034823c068a61ae850da336bb974a
spot/atr-stop/base,True,0.5521803260594271,0.3641224868625987,0.34058380725617265,1521.505057096932773707291653,0,,f8f2e18abbeb7f062796026c074fb7868e3b2524a52c5a5bcf89131b6e655917
spot/atr-stop/fee150,True,0.5421393169180941,0.3655908490036029,0.34210654825428377,2219.249265445183397972395854,0,,f8f2e18abbeb7f062796026c074fb7868e3b2524a52c5a5bcf89131b6e655917
spot/atr-stop/slip2,True,0.5410209158261161,0.36569369874011004,0.3422131826207577,1474.248792682112440406250002,0,,f8f2e18abbeb7f062796026c074fb7868e3b2524a52c5a5bcf89131b6e655917
spot/atr-stop/outage,True,0.5521803260594271,0.3641224868625987,0.34058380725617265,1521.505057096932773707291653,0,,f8f2e18abbeb7f062796026c074fb7868e3b2524a52c5a5bcf89131b6e655917
spot/core-permanent/base,True,0.5098219362819842,0.3976115884317736,0.38191787558095314,1126.344341690754931749999989,0,,f9174c404b757e5af53a5ff460903ff4e127f11d5d96493b22c26f2adfb8039a
spot/core-permanent/fee150,True,0.5013018740820583,0.4005510576527229,0.38370704517139764,1646.239348223766202723437513,0,,f9174c404b757e5af53a5ff460903ff4e127f11d5d96493b22c26f2adfb8039a
spot/core-permanent/slip2,True,0.5009410283181259,0.4006088036022101,0.38408057792177486,1096.588775244122548624999998,0,,f9174c404b757e5af53a5ff460903ff4e127f11d5d96493b22c26f2adfb8039a
spot/core-permanent/outage,True,0.5038121438011156,0.3982556169276211,0.3841145322576115,1116.289829445207531749999985,0,,f9174c404b757e5af53a5ff460903ff4e127f11d5d96493b22c26f2adfb8039a
spot/core-slow/base,True,0.4868835716129094,0.4166878614991444,0.40297995429972255,1103.898680119053264044097233,0,,02a9ba480bc48c0952df3ac949ef0b3f98db6c1fb7c61c89f3cecd99a49d921b
spot/core-slow/fee150,True,0.4778441080738951,0.4187759199455238,0.40511708719056816,1612.666490841889364482291647,0,,02a9ba480bc48c0952df3ac949ef0b3f98db6c1fb7c61c89f3cecd99a49d921b
spot/core-slow/slip2,True,0.4776929829683465,0.4190604720794765,0.4054083102887963,1074.387129068562475181250016,0,,02a9ba480bc48c0952df3ac949ef0b3f98db6c1fb7c61c89f3cecd99a49d921b
spot/core-slow/outage,True,0.48712204137081505,0.4167452644190829,0.4030387063801816,1103.943619278369696925694436,0,,02a9ba480bc48c0952df3ac949ef0b3f98db6c1fb7c61c89f3cecd99a49d921b
perp/risk/fresh-entry/base,True,0.2064885019931313,0.4777227934043665,0.34922131403752366,348.7912155300,241.1645047411966004317,,6c786872a3b469fb61714c3465bf0690e96a72442d88f88e6f123b95ae14989c
perp/risk/atr-trail/base,True,0.9991768974097957,0.4852040053497304,0.40512564955435504,6997.5309564825,8411.1323240150622878623,,6c786872a3b469fb61714c3465bf0690e96a72442d88f88e6f123b95ae14989c
perp/risk/compression-breakout/base,True,0.44015552690238957,0.7661565271322925,0.7291671243061746,5322.6982534643325300,6688.6753203117528843376,,6c786872a3b469fb61714c3465bf0690e96a72442d88f88e6f123b95ae14989c
perp/risk/single-topup/base,True,0.9467772199864997,0.440979696728977,0.27913723323573914,6376.4929481850,10476.4818955356482752515,,6c786872a3b469fb61714c3465bf0690e96a72442d88f88e6f123b95ae14989c
perp/risk/incumbent/base,True,1.1922835553585416,0.44105078819556925,0.27897771061274135,15290.5449985125,21733.1561226997578762817,,5344465a2980c03f20bfdf3a60cb2fbc4424caa61bd798c4da6485630f9623bb
perp/incumbent/base,True,1.1922835553585416,0.44105078819556925,0.27897771061274135,15290.5449985125,21733.1561226997578762817,,bf1d167979f4bb3d15925f0bcaf5337bd1cc0a17523628b3af0599875dc5a7c1
perp/incumbent/fees-x1.5,True,1.2854050784017872,0.4438491131225801,0.2847596655395992,29369.42264247750,28613.8155521272476993033,,bf1d167979f4bb3d15925f0bcaf5337bd1cc0a17523628b3af0599875dc5a7c1
perp/incumbent/read-400ms,True,1.047729985096748,0.4441185722536511,0.2825155979656777,9241.4293965300,13355.3004746915748191633,,bf1d167979f4bb3d15925f0bcaf5337bd1cc0a17523628b3af0599875dc5a7c1
perp/incumbent/trigger-slip,True,1.2493652065950864,0.44647013597920754,0.2866231320730961,18626.18665331587500,25716.9758028223250546160,,bf1d167979f4bb3d15925f0bcaf5337bd1cc0a17523628b3af0599875dc5a7c1
perp/fresh-entry/base,True,0.2064885019931313,0.4777227934043665,0.34922131403752366,348.7912155300,241.1645047411966004317,,bf1d167979f4bb3d15925f0bcaf5337bd1cc0a17523628b3af0599875dc5a7c1
perp/fresh-entry/fees-x1.5,True,0.1996231000113342,0.487951278276584,0.3640581131557541,512.24179784625,236.4842488611871572456,,bf1d167979f4bb3d15925f0bcaf5337bd1cc0a17523628b3af0599875dc5a7c1
perp/fresh-entry/read-400ms,True,0.180023116156377,0.4798940769051887,0.35288955066638683,291.5233353600,196.9141696932277199055,,bf1d167979f4bb3d15925f0bcaf5337bd1cc0a17523628b3af0599875dc5a7c1
perp/fresh-entry/trigger-slip,True,0.19839126919115513,0.4957225759672215,0.37229512466307024,342.24362242170000,237.9207164314914602504,,bf1d167979f4bb3d15925f0bcaf5337bd1cc0a17523628b3af0599875dc5a7c1
perp/atr-trail/base,True,0.9991768974097957,0.4852040053497304,0.40512564955435504,6997.5309564825,8411.1323240150622878623,,bf1d167979f4bb3d15925f0bcaf5337bd1cc0a17523628b3af0599875dc5a7c1
perp/atr-trail/fees-x1.5,True,0.9690934843354504,0.4896425298161546,0.4094091859163056,9864.73601122500,7871.8591249716366719470,,bf1d167979f4bb3d15925f0bcaf5337bd1cc0a17523628b3af0599875dc5a7c1
perp/atr-trail/read-400ms,True,0.7466807760354024,0.485077762251411,0.4167023382341053,3514.5384104700,5018.7601184230961353971,,bf1d167979f4bb3d15925f0bcaf5337bd1cc0a17523628b3af0599875dc5a7c1
perp/atr-trail/trigger-slip,True,0.9669670177414418,0.49122677917096325,0.41207528701457175,6520.22631524730000,7819.4205493614414147691,,bf1d167979f4bb3d15925f0bcaf5337bd1cc0a17523628b3af0599875dc5a7c1
perp/compression-breakout/base,True,0.34093703751979487,0.870373390724281,0.8277300522181212,5468.0834958371661675,6779.7989568394492398106,,bf1d167979f4bb3d15925f0bcaf5337bd1cc0a17523628b3af0599875dc5a7c1
perp/compression-breakout/fees-x1.5,True,0.2979514261434697,0.8831122464549764,0.8435494683681009,7252.08548884653861000,6084.8220219055522349004,,bf1d167979f4bb3d15925f0bcaf5337bd1cc0a17523628b3af0599875dc5a7c1
perp/compression-breakout/read-400ms,True,0.34412373614773695,0.834425536001937,0.779228262734693,4262.2935085695217650,5325.8312558117084296794,,bf1d167979f4bb3d15925f0bcaf5337bd1cc0a17523628b3af0599875dc5a7c1
perp/compression-breakout/trigger-slip,True,0.2974170272423795,0.8876862096788682,0.8499825558705495,4881.90266788608718132125,6185.0768664951236510967,,bf1d167979f4bb3d15925f0bcaf5337bd1cc0a17523628b3af0599875dc5a7c1
perp/single-topup/base,True,0.9467772199864997,0.440979696728977,0.27913723323573914,6376.4929481850,10476.4818955356482752515,,bf1d167979f4bb3d15925f0bcaf5337bd1cc0a17523628b3af0599875dc5a7c1
perp/single-topup/fees-x1.5,True,0.9358602057505241,0.4437354998777195,0.28481987753209903,9336.05229097125,10240.9635730927296861327,,bf1d167979f4bb3d15925f0bcaf5337bd1cc0a17523628b3af0599875dc5a7c1
perp/single-topup/read-400ms,True,0.8444913107961369,0.44402266698081966,0.28236262402902046,3601.1061470475,6118.4947097129624089452,,bf1d167979f4bb3d15925f0bcaf5337bd1cc0a17523628b3af0599875dc5a7c1
perp/single-topup/trigger-slip,True,0.9382724228877464,0.4464160765308582,0.28656497435005834,6276.03350308897500,10310.0796068941025746769,,bf1d167979f4bb3d15925f0bcaf5337bd1cc0a17523628b3af0599875dc5a7c1
