account,initial_cny,start_offset_ms,registered_cny_cagr,continuous_proxy_mdd,daily_closing_mdd,fees_usdt,funding_paid_usdt,validation_2022_plus_btc_beta,validation_2022_plus_usdt_annualized_volatility,fixed_training_new_entry_scale,achieved_upper_risk_band_match,validation_cumulative_usdt_return_difference,actual_raw_bundle_sha256,actual_risk_calibration_sha256
spot/risk/consensus/base,10000,0,0.5185027797160926,0.41207334833790377,0.3982569818671834,1326.742986308661454706250007,0,0.3545835647337811,0.299915304478391,1.0,,,42de6af1d1761ccf0260f81793e7746eb56eb08817c944e282f0f8479cced87f,d574693fe94480c598dc1698b008147267227385ada31df82eab9498d38e7b2b
spot/risk/trend-reentry/base,10000,0,0.5045248565843652,0.40570231407109975,0.39203984784835,1236.004151490292831164930562,0,0.34820082302538186,0.29441548849341376,0.9729026205883997,True,-0.009327849663648635,42de6af1d1761ccf0260f81793e7746eb56eb08817c944e282f0f8479cced87f,d574693fe94480c598dc1698b008147267227385ada31df82eab9498d38e7b2b
spot/risk/target-participation/base,10000,0,0.5378811002887831,0.39720976538411296,0.38407027422548645,1366.813779942803156081597262,0,0.34271177795592933,0.287786985913637,0.9103288241320875,True,0.11477434548561671,42de6af1d1761ccf0260f81793e7746eb56eb08817c944e282f0f8479cced87f,d574693fe94480c598dc1698b008147267227385ada31df82eab9498d38e7b2b
spot/risk/atr-close/base,10000,0,0.5012762327525446,0.4167237692350103,0.39825837536231845,1224.644621365061564110763917,0,0.35832664210711773,0.301210477801437,1.0,True,0.01859606839214223,42de6af1d1761ccf0260f81793e7746eb56eb08817c944e282f0f8479cced87f,d574693fe94480c598dc1698b008147267227385ada31df82eab9498d38e7b2b
spot/risk/atr-stop/base,10000,0,0.5519668278179155,0.36367085437049146,0.3401469348826094,1517.868705239672284959374993,0,0.33706477823955916,0.29015974347390966,0.9972720085277638,True,0.27723712126544164,42de6af1d1761ccf0260f81793e7746eb56eb08817c944e282f0f8479cced87f,d574693fe94480c598dc1698b008147267227385ada31df82eab9498d38e7b2b
spot/risk/core-permanent/base,10000,0,0.5008178523926305,0.3674337555797533,0.34625769639361803,976.3585605714993964906249720,0,0.3932441299573419,0.27177638490931993,0.8338190387997291,False,-0.11302496216824798,42de6af1d1761ccf0260f81793e7746eb56eb08817c944e282f0f8479cced87f,d574693fe94480c598dc1698b008147267227385ada31df82eab9498d38e7b2b
spot/risk/core-slow/base,10000,0,0.4849911995412637,0.40667544808897016,0.39319850807105516,1067.762334878420097393402790,0,0.3518123021111344,0.28888512931889776,0.9584097975933019,True,0.009968593643250312,42de6af1d1761ccf0260f81793e7746eb56eb08817c944e282f0f8479cced87f,d574693fe94480c598dc1698b008147267227385ada31df82eab9498d38e7b2b
spot/consensus/base,10000,0,0.5185027797160926,0.41207334833790377,0.3982569818671834,1326.742986308661454706250007,0,0.3545835647337811,0.299915304478391,,,,8c22b10383f637ae2cf87f7c8f027a765c5fb7b0e9af58d331d14dba89fe439a,
spot/consensus/fee150,10000,0,0.5088993401414168,0.41422125252797176,0.40045537529737507,1937.095764180454072902604127,0,0.35451665454698333,0.2999445976316028,,,,8c22b10383f637ae2cf87f7c8f027a765c5fb7b0e9af58d331d14dba89fe439a,
spot/consensus/slip2,10000,0,0.5087610724396199,0.41451348972291513,0.4007544816084625,1290.503381750024588399999983,0,0.3545466859723073,0.2999860732242407,,,,8c22b10383f637ae2cf87f7c8f027a765c5fb7b0e9af58d331d14dba89fe439a,
spot/consensus/outage,10000,0,0.5185027797160926,0.41207334833790377,0.3982569818671834,1326.742986308661454706250007,0,0.3545835647337811,0.299915304478391,,,,8c22b10383f637ae2cf87f7c8f027a765c5fb7b0e9af58d331d14dba89fe439a,
spot/trend-reentry/base,10000,0,0.5054943653996744,0.41207863884233453,0.3982624073891011,1262.414738270622797376736106,0,0.35458264008531415,0.29991545074047216,,,,b72181ba8f7c3b8e925ccdf2bf2757ed4b67a1821c2b2a656ca74207034535a8,
spot/trend-reentry/fee150,10000,0,0.49583012697768925,0.41422014558669146,0.400454241728626,1842.347808169658622571354152,0,0.35451178674695877,0.299944500677058,,,,b72181ba8f7c3b8e925ccdf2bf2757ed4b67a1821c2b2a656ca74207034535a8,
spot/trend-reentry/slip2,10000,0,0.4957019398285223,0.414511357390082,0.40075229432801196,1227.437732901229018487499978,0,0.3545435062952255,0.2999860939464151,,,,b72181ba8f7c3b8e925ccdf2bf2757ed4b67a1821c2b2a656ca74207034535a8,
spot/trend-reentry/outage,10000,0,0.5054943653996744,0.41207863884233453,0.3982624073891011,1262.414738270622797376736106,0,0.35458264008531415,0.29991545074047216,,,,b72181ba8f7c3b8e925ccdf2bf2757ed4b67a1821c2b2a656ca74207034535a8,
spot/target-participation/base,10000,0,0.5435077806672839,0.41776456815246704,0.40408195456446216,1462.047341673503460217708329,0,0.3633339407496434,0.30522830208074603,,,,f854446dd7bf4215940f279801b31e518fb7d3d356009755ae26c742072d1134,
spot/target-participation/fee150,10000,0,0.5334859894165958,0.4200210760498609,0.4063914922534462,2132.459519367819209753645865,0,0.36326367840194995,0.3052582345324347,,,,f854446dd7bf4215940f279801b31e518fb7d3d356009755ae26c742072d1134,
spot/target-participation/slip2,10000,0,0.5332866938986662,0.42031159881980706,0.4066888325916579,1420.307346957495666768749999,0,0.36328578219979235,0.3052991114728538,,,,f854446dd7bf4215940f279801b31e518fb7d3d356009755ae26c742072d1134,
spot/target-participation/outage,10000,0,0.5435077806672839,0.41776456815246704,0.40408195456446216,1462.047341673503460217708329,0,0.3633339407496434,0.30522830208074603,,,,f854446dd7bf4215940f279801b31e518fb7d3d356009755ae26c742072d1134,
spot/atr-close/base,10000,0,0.5012762327525446,0.4167237692350103,0.39825837536231845,1224.644621365061564110763917,0,0.35832664210711773,0.301210477801437,,,,f84e6e6ad188996b1ab7f640f30aeb7c736034823c068a61ae850da336bb974a,
spot/atr-close/fee150,10000,0,0.49190699939536153,0.4188576835566262,0.4004598498264548,1789.133048733422183491145817,0,0.35824353515381435,0.3012323183133006,,,,f84e6e6ad188996b1ab7f640f30aeb7c736034823c068a61ae850da336bb974a,
spot/atr-close/slip2,10000,0,0.4917754774489511,0.41914500979727065,0.40075627917811973,1191.964655793188970156250015,0,0.35826986442263203,0.3012736898134178,,,,f84e6e6ad188996b1ab7f640f30aeb7c736034823c068a61ae850da336bb974a,
spot/atr-close/outage,10000,0,0.5012762327525446,0.4167237692350103,0.39825837536231845,1224.644621365061564110763917,0,0.35832664210711773,0.301210477801437,,,,f84e6e6ad188996b1ab7f640f30aeb7c736034823c068a61ae850da336bb974a,
spot/atr-stop/base,10000,0,0.5521803260594271,0.3641224868625987,0.34058380725617265,1521.505057096932773707291653,0,0.3376689286429582,0.29068114067881307,,,,f8f2e18abbeb7f062796026c074fb7868e3b2524a52c5a5bcf89131b6e655917,
spot/atr-stop/fee150,10000,0,0.5421393169180941,0.3655908490036029,0.34210654825428377,2219.249265445183397972395854,0,0.3376955396413854,0.29075760309637405,,,,f8f2e18abbeb7f062796026c074fb7868e3b2524a52c5a5bcf89131b6e655917,
spot/atr-stop/slip2,10000,0,0.5410209158261161,0.36569369874011004,0.3422131826207577,1474.248792682112440406250002,0,0.33782565884600385,0.2908470516139626,,,,f8f2e18abbeb7f062796026c074fb7868e3b2524a52c5a5bcf89131b6e655917,
spot/atr-stop/outage,10000,0,0.5521803260594271,0.3641224868625987,0.34058380725617265,1521.505057096932773707291653,0,0.3376689286429582,0.29068114067881307,,,,f8f2e18abbeb7f062796026c074fb7868e3b2524a52c5a5bcf89131b6e655917,
spot/core-permanent/base,10000,0,0.5098219362819842,0.3976115884317736,0.38191787558095314,1126.344341690754931749999989,0,0.4479507137916783,0.30706536779107463,,,,f9174c404b757e5af53a5ff460903ff4e127f11d5d96493b22c26f2adfb8039a,
spot/core-permanent/fee150,10000,0,0.5013018740820583,0.4005510576527229,0.38370704517139764,1646.239348223766202723437513,0,0.44883601018840286,0.30722318863369036,,,,f9174c404b757e5af53a5ff460903ff4e127f11d5d96493b22c26f2adfb8039a,
spot/core-permanent/slip2,10000,0,0.5009410283181259,0.4006088036022101,0.38408057792177486,1096.588775244122548624999998,0,0.44854040401809736,0.30721592285905197,,,,f9174c404b757e5af53a5ff460903ff4e127f11d5d96493b22c26f2adfb8039a,
spot/core-permanent/outage,10000,0,0.5038121438011156,0.3982556169276211,0.3841145322576115,1116.289829445207531749999985,0,0.43535015597489074,0.3053894025243257,,,,f9174c404b757e5af53a5ff460903ff4e127f11d5d96493b22c26f2adfb8039a,
spot/core-slow/base,10000,0,0.4868835716129094,0.4166878614991444,0.40297995429972255,1103.898680119053264044097233,0,0.3620813496089151,0.29728213108467255,,,,02a9ba480bc48c0952df3ac949ef0b3f98db6c1fb7c61c89f3cecd99a49d921b,
spot/core-slow/fee150,10000,0,0.4778441080738951,0.4187759199455238,0.40511708719056816,1612.666490841889364482291647,0,0.3621071360970739,0.2972904132798867,,,,02a9ba480bc48c0952df3ac949ef0b3f98db6c1fb7c61c89f3cecd99a49d921b,
spot/core-slow/slip2,10000,0,0.4776929829683465,0.4190604720794765,0.4054083102887963,1074.387129068562475181250016,0,0.3620997512147092,0.2973351060742734,,,,02a9ba480bc48c0952df3ac949ef0b3f98db6c1fb7c61c89f3cecd99a49d921b,
spot/core-slow/outage,10000,0,0.48712204137081505,0.4167452644190829,0.4030387063801816,1103.943619278369696925694436,0,0.36217813130621446,0.2972560754899148,,,,02a9ba480bc48c0952df3ac949ef0b3f98db6c1fb7c61c89f3cecd99a49d921b,
perp/risk/fresh-entry/base,10000,0,0.2064885019931313,0.4777227934043665,0.34922131403752366,348.7912155300,241.1645047411966004317,0.019064249882088713,0.07622345464965098,1.0,True,-9.005683563893848,6c786872a3b469fb61714c3465bf0690e96a72442d88f88e6f123b95ae14989c,ed8c99295e71386a7cef300f7d101ea941e5a7a0147bc9038012d6cc58e23821
perp/risk/atr-trail/base,10000,0,0.9991768974097957,0.4852040053497304,0.40512564955435504,6997.5309564825,8411.1323240150622878623,0.3290828632940903,0.6428192495811437,1.0,False,4.105835472028838,6c786872a3b469fb61714c3465bf0690e96a72442d88f88e6f123b95ae14989c,ed8c99295e71386a7cef300f7d101ea941e5a7a0147bc9038012d6cc58e23821
perp/risk/compression-breakout/base,10000,0,0.44015552690238957,0.7661565271322925,0.7291671243061746,5322.6982534643325300,6688.6753203117528843376,0.35692510839794395,0.5840821807494982,0.7997705584944133,False,-8.355618674380509,6c786872a3b469fb61714c3465bf0690e96a72442d88f88e6f123b95ae14989c,ed8c99295e71386a7cef300f7d101ea941e5a7a0147bc9038012d6cc58e23821
perp/risk/single-topup/base,10000,0,0.9467772199864997,0.440979696728977,0.27913723323573914,6376.4929481850,10476.4818955356482752515,0.22110505229659083,0.4554552003519967,1.0,True,-1.4558454468023214,6c786872a3b469fb61714c3465bf0690e96a72442d88f88e6f123b95ae14989c,ed8c99295e71386a7cef300f7d101ea941e5a7a0147bc9038012d6cc58e23821
perp/risk/incumbent/base,10000,0,1.1922835553585416,0.44105078819556925,0.27897771061274135,15290.5449985125,21733.1561226997578762817,0.26836988788076943,0.5159826234101154,1.0,,,5344465a2980c03f20bfdf3a60cb2fbc4424caa61bd798c4da6485630f9623bb,ed8c99295e71386a7cef300f7d101ea941e5a7a0147bc9038012d6cc58e23821
perp/incumbent/base,10000,0,1.1922835553585416,0.44105078819556925,0.27897771061274135,15290.5449985125,21733.1561226997578762817,0.26836988788076943,0.5159826234101154,,,,bf1d167979f4bb3d15925f0bcaf5337bd1cc0a17523628b3af0599875dc5a7c1,
perp/incumbent/fees-x1.5,10000,0,1.2854050784017872,0.4438491131225801,0.2847596655395992,29369.42264247750,28613.8155521272476993033,0.2825664846070567,0.5742407320300646,,,,bf1d167979f4bb3d15925f0bcaf5337bd1cc0a17523628b3af0599875dc5a7c1,
perp/incumbent/read-400ms,10000,0,1.047729985096748,0.4441185722536511,0.2825155979656777,9241.4293965300,13355.3004746915748191633,0.22285785468452876,0.44099046853407015,,,,bf1d167979f4bb3d15925f0bcaf5337bd1cc0a17523628b3af0599875dc5a7c1,
perp/incumbent/trigger-slip,10000,0,1.2493652065950864,0.44647013597920754,0.2866231320730961,18626.18665331587500,25716.9758028223250546160,0.2879283738003421,0.5803215617139652,,,,bf1d167979f4bb3d15925f0bcaf5337bd1cc0a17523628b3af0599875dc5a7c1,
perp/fresh-entry/base,10000,0,0.2064885019931313,0.4777227934043665,0.34922131403752366,348.7912155300,241.1645047411966004317,0.019064249882088713,0.07622345464965098,,,,bf1d167979f4bb3d15925f0bcaf5337bd1cc0a17523628b3af0599875dc5a7c1,
perp/fresh-entry/fees-x1.5,10000,0,0.1996231000113342,0.487951278276584,0.3640581131557541,512.24179784625,236.4842488611871572456,0.01899809114239455,0.07820705003664512,,,,bf1d167979f4bb3d15925f0bcaf5337bd1cc0a17523628b3af0599875dc5a7c1,
perp/fresh-entry/read-400ms,10000,0,0.180023116156377,0.4798940769051887,0.35288955066638683,291.5233353600,196.9141696932277199055,0.01892792042540913,0.07648066213344941,,,,bf1d167979f4bb3d15925f0bcaf5337bd1cc0a17523628b3af0599875dc5a7c1,
perp/fresh-entry/trigger-slip,10000,0,0.19839126919115513,0.4957225759672215,0.37229512466307024,342.24362242170000,237.9207164314914602504,0.018835030044128762,0.08076500024159242,,,,bf1d167979f4bb3d15925f0bcaf5337bd1cc0a17523628b3af0599875dc5a7c1,
perp/atr-trail/base,10000,0,0.9991768974097957,0.4852040053497304,0.40512564955435504,6997.5309564825,8411.1323240150622878623,0.3290828632940903,0.6428192495811437,,,,bf1d167979f4bb3d15925f0bcaf5337bd1cc0a17523628b3af0599875dc5a7c1,
perp/atr-trail/fees-x1.5,10000,0,0.9690934843354504,0.4896425298161546,0.4094091859163056,9864.73601122500,7871.8591249716366719470,0.3300735163948588,0.6445154165878141,,,,bf1d167979f4bb3d15925f0bcaf5337bd1cc0a17523628b3af0599875dc5a7c1,
perp/atr-trail/read-400ms,10000,0,0.7466807760354024,0.485077762251411,0.4167023382341053,3514.5384104700,5018.7601184230961353971,0.27594631138772935,0.5727175525012689,,,,bf1d167979f4bb3d15925f0bcaf5337bd1cc0a17523628b3af0599875dc5a7c1,
perp/atr-trail/trigger-slip,10000,0,0.9669670177414418,0.49122677917096325,0.41207528701457175,6520.22631524730000,7819.4205493614414147691,0.3294219760782429,0.6434105360231408,,,,bf1d167979f4bb3d15925f0bcaf5337bd1cc0a17523628b3af0599875dc5a7c1,
perp/compression-breakout/base,10000,0,0.34093703751979487,0.870373390724281,0.8277300522181212,5468.0834958371661675,6779.7989568394492398106,0.40527491647555797,0.6711666219560077,,,,bf1d167979f4bb3d15925f0bcaf5337bd1cc0a17523628b3af0599875dc5a7c1,
perp/compression-breakout/fees-x1.5,10000,0,0.2979514261434697,0.8831122464549764,0.8435494683681009,7252.08548884653861000,6084.8220219055522349004,0.4049272938704745,0.6720415445671273,,,,bf1d167979f4bb3d15925f0bcaf5337bd1cc0a17523628b3af0599875dc5a7c1,
perp/compression-breakout/read-400ms,10000,0,0.34412373614773695,0.834425536001937,0.779228262734693,4262.2935085695217650,5325.8312558117084296794,0.39443221497869624,0.6557506778621764,,,,bf1d167979f4bb3d15925f0bcaf5337bd1cc0a17523628b3af0599875dc5a7c1,
perp/compression-breakout/trigger-slip,10000,0,0.2974170272423795,0.8876862096788682,0.8499825558705495,4881.90266788608718132125,6185.0768664951236510967,0.40656594614952685,0.6743254858904708,,,,bf1d167979f4bb3d15925f0bcaf5337bd1cc0a17523628b3af0599875dc5a7c1,
perp/single-topup/base,10000,0,0.9467772199864997,0.440979696728977,0.27913723323573914,6376.4929481850,10476.4818955356482752515,0.22110505229659083,0.4554552003519967,,,,bf1d167979f4bb3d15925f0bcaf5337bd1cc0a17523628b3af0599875dc5a7c1,
perp/single-topup/fees-x1.5,10000,0,0.9358602057505241,0.4437354998777195,0.28481987753209903,9336.05229097125,10240.9635730927296861327,0.22331896893179135,0.4607990515584912,,,,bf1d167979f4bb3d15925f0bcaf5337bd1cc0a17523628b3af0599875dc5a7c1,
perp/single-topup/read-400ms,10000,0,0.8444913107961369,0.44402266698081966,0.28236262402902046,3601.1061470475,6118.4947097129624089452,0.19229219382606716,0.4082164518352352,,,,bf1d167979f4bb3d15925f0bcaf5337bd1cc0a17523628b3af0599875dc5a7c1,
perp/single-topup/trigger-slip,10000,0,0.9382724228877464,0.4464160765308582,0.28656497435005834,6276.03350308897500,10310.0796068941025746769,0.22226775595883005,0.4585897288382466,,,,bf1d167979f4bb3d15925f0bcaf5337bd1cc0a17523628b3af0599875dc5a7c1,
perp/sensitivity/incumbent/9900/0,9900,0,1.1975256422085967,0.4410845332008486,0.2790444959167623,15675.5466340050,22335.1292090339623001041,0.26891573337296715,0.5166087124571315,,,,b3e894e94eab8d2d2376339d63739b7e39719675328aabba3f799f4e793c84f1,
perp/sensitivity/incumbent/10100/0,10100,0,1.1925216177624796,0.4410608234817691,0.2790394629714219,15676.6830696300,22349.7125248029511369267,0.2671764878759504,0.5146874584162064,,,,163ca98cbeaa485adc4fff15d54719d4e12c24511cf735b430e0d57bfca6d970,
perp/sensitivity/incumbent/10000/-60000,10000,-60000,1.3601863984624747,0.4426094536286016,0.28673515696710417,18029.9459430375,27391.6791671721442921515,0.2886678153283456,0.5348793655031708,,,,cd916dbad8055b18e982db20bcecfce838f3d6af398e7e09a60b362d74e805af,
perp/sensitivity/incumbent/10000/60000,10000,60000,1.271145238074522,0.443460179810125,0.2840388759585907,16160.0512870350,22499.0324496191330286026,0.27393713607652836,0.5170755777702144,,,,38912a76ca423785de39d1a63aa1bcbcde4c28830c0f5e25819c91f6710c3ae6,
