project,candidate_scenario,cagr,continuous_proxy_mdd,daily_mdd,final_cny,usdt_beta_btc,annual_arithmetic_residual,hac7_normal95_low,hac7_normal95_high,daily_vol_annual,daily_es5_loss,longest_underwater_days,fees_usdt,funding_paid_usdt,fill_count,material_btc_closing_days,short_closing_days,native_execution_verified
spot,basis-base,0.4777561787958746,0.4148849661940514820178220727,0.40113468007934927,137882.0783818531957689314032,0.37658949520633744,0.25326872295556274,0.04296713847559862,0.4635703074355269,0.3561912437258229,0.04244664906528713,713,1106.662410628167357139930556,0,141,1290,0,False
spot,basis-fee150,0.4688161453581121,0.4170184602264913457571839108,0.4033183216826699,132373.7151980306798672360059,0.3765287642549483,0.24723481427082136,0.036595146959079825,0.4578744815825629,0.3562125010112379,0.042470852082312084,713,1618.188574782194858026041681,0,141,1290,0,False
spot,basis-outage,0.4777561787958746,0.4148849661940514820178220727,0.40113468007934927,137882.0783818531957689314032,0.37658949520633744,0.25326872295556274,0.04296713847559862,0.4635703074355269,0.3561912437258229,0.04244664906528713,713,1106.662410628167357139930556,0,141,1290,0,False
spot,basis-slip2,0.46868028732579425,0.4173130418652169448676376317,0.40361982059090495,132291.4740591366280363393867,0.37655499051912916,0.24713891339586297,0.036460157699050026,0.45781766909267585,0.3562411712371533,0.042475282584231,713,1078.046938549417802906249995,0,141,1290,0,False
spot,consensus-base,0.5185027797160926,0.4120733483379037501201538132,0.3982569818671834,165529.1033820121894404942755,0.3970687875369188,0.2754445688535452,0.058460650166896055,0.49242848754019425,0.37357158934421814,0.04435859459610133,713,1326.742986308661454706250007,0,141,1290,0,False
spot,consensus-fee150,0.5088993401414168,0.4142212525279717792931851810,0.40045537529737507,158621.5595235775612141730948,0.3970072353104551,0.26913409470915783,0.05180342082190026,0.4864647685964154,0.37359097168230043,0.04438200668080352,713,1937.095764180454072902604127,0,141,1290,0,False
spot,consensus-outage,0.5185027797160926,0.4120733483379037501201538132,0.3982569818671834,165529.1033820121894404942755,0.3970687875369188,0.2754445688535452,0.058460650166896055,0.49242848754019425,0.37357158934421814,0.04435859459610133,713,1326.742986308661454706250007,0,141,1290,0,False
spot,consensus-slip2,0.5087610724396199,0.4145134897229151532610803110,0.4007544816084625,158523.9272878386995811957297,0.3970329672373814,0.2690391576269707,0.05167091726289352,0.4864073979910479,0.373617896912318,0.04438636384409148,713,1290.503381750024588399999983,0,141,1290,0,False
spot,default-base,0.47778135201771144,0.4148415008541352603263169201,0.4010901985490777,137897.8599199421201589725060,0.37659191151039695,0.25328482734141,0.0429833993542126,0.4635862553286074,0.3561923351993409,0.042446648124576526,713,1106.730514698466145434722190,0,141,1290,0,False
spot,default-fee150,0.46884347255760517,0.4169812830884775334653957534,0.4032802687608068,132390.2628693032528020481772,0.37652648823342133,0.2472550477323764,0.03661438715838455,0.4578957083063682,0.35621358005667175,0.04247087202265617,713,1618.309280199153130598437497,0,141,1290,0,False
spot,default-outage,0.47778135201771144,0.4148415008541352603263169201,0.4010901985490777,137897.8599199421201589725060,0.37659191151039695,0.25328482734141,0.0429833993542126,0.4635862553286074,0.3561923351993409,0.042446648124576526,713,1106.730514698466145434722190,0,141,1290,0,False
spot,default-slip2,0.4687086679558854,0.4172770423531565135506223068,0.40358296199201293,132308.6505701908290179455885,0.3765540868940342,0.247159117901606,0.03647957451303296,0.4578386612901791,0.35624225121351316,0.04247529700288957,713,1078.108763470397992387500015,0,141,1290,0,False
spot,downside-base,0.4635966012408226,0.4165597330570531126939704973,0.40284880832006154,129245.1826663143060119834588,0.3619851236272725,0.24954026872266033,0.040001200163657366,0.4590793372816632,0.3502133148993708,0.041925728902382504,517,1006.791607305021367220833340,0,147,1262,0,False
spot,downside-fee150,0.4546999364636142,0.4187823158079020881451819485,0.4051236135708567,124057.6270540848088041403698,0.3619050417972332,0.24348404037937615,0.033598288910452856,0.4533697918482995,0.35022256736749485,0.04194903444813316,518,1471.615012304640776018229193,0,147,1262,0,False
spot,downside-outage,0.4635966012408226,0.4165597330570531126939704973,0.40284880832006154,129245.1826663143060119834588,0.3619851236272725,0.24954026872266033,0.040001200163657366,0.4590793372816632,0.3502133148993708,0.041925728902382504,517,1006.791607305021367220833340,0,147,1262,0,False
spot,downside-slip2,0.45458398528030464,0.4190684520624294271132529873,0.4054164832769215,123991.2052620017087147549590,0.36192346550689375,0.24340514819413028,0.03347622501647512,0.4533340713717854,0.35025178340002444,0.041953438864221766,518,980.4861203877189602312499907,0,147,1262,0,False
spot,funding-base,0.43063112159505446,0.4148502329991644645610023576,0.40109913280555154,110902.5524703016999489971853,0.3493205463424275,0.23234404415960153,0.02214565452742884,0.4425424337917742,0.3465642294361917,0.041745450568640194,713,891.5185701915462156486111298,0,138,1254,0,False
spot,funding-fee150,0.4220619993164203,0.4169671732868837160229461399,0.40326581461931066,106515.1956285872827957573261,0.3492846859809099,0.22635843806142586,0.015841441098242023,0.43687543502460974,0.3465889144290047,0.041773024449655055,713,1304.136900140847178468229178,0,138,1254,0,False
spot,funding-outage,0.43063112159505446,0.4148502329991644645610023576,0.40109913280555154,110902.5524703016999489971853,0.3493205463424275,0.23234404415960153,0.02214565452742884,0.4425424337917742,0.3465642294361917,0.041745450568640194,713,891.5185701915462156486111298,0,138,1254,0,False
spot,funding-slip2,0.4219238774896379,0.4172565648900750829010472478,0.40356202501484073,106445.7061466148419381523797,0.34931078324106035,0.226257894920608,0.015701099976670536,0.4368146898645454,0.346618063333935,0.04177739717759266,713,868.8227974275695943499999998,0,138,1254,0,False
perp,incumbent/base,1.1922835553585416,0.4410507881955692423535878539,0.27897771061274135,1951753.808294805224630873758,0.2758482022457531,0.8207926388042455,0.36371319210784864,1.2778720855006425,0.6432955322002902,0.03748898846278908,319,15290.5449985125,21733.1561226997578762817,1561,302,0,False
perp,incumbent/fees-x1.5,1.2854050784017872,0.4438491131225800640158734885,0.2847596655395992,2581133.156864492070332042957,0.28333380720845425,0.8726726080180736,0.3796532964622413,1.365691919573906,0.67918727280907,0.037487354915480955,319,29369.42264247750,28613.8155521272476993033,2026,302,0,False
perp,incumbent/read-400ms,1.047729985096748,0.4441185722536510697724903881,0.2825155979656777,1234202.309241868581875386593,0.24793946229393,0.7410701260018993,0.31659731795191703,1.1655429340518815,0.5917325466755499,0.03357580476462899,319,9241.4293965300,13355.3004746915748191633,1069,302,0,False
perp,incumbent/trigger-slip,1.2493652065950864,0.4464701359792075525299779820,0.2866231320730961,2319684.523127417975087595558,0.28486942891360323,0.8566642662132687,0.3636302088177016,1.3496983236088358,0.6801478485336896,0.03782676869254552,319,18626.18665331587500,25716.9758028223250546160,1795,302,0,False
perp,tail-sizing/base,1.210655848222122,0.4194237788913772143516484108,0.2538532529950497,2064319.031685532601149090384,0.2740964015111847,0.826892741288023,0.3609222900614789,1.292863192514567,0.6455210506170515,0.036194452829590044,319,15855.0782565300,22672.8531742923576263219,1594,302,0,False
perp,tail-sizing/fees-x1.5,1.2148919291220959,0.4187231731167576821008315655,0.2582647373768111,2091042.537234738045221726708,0.27381019062252715,0.8300679911484484,0.3620656229073014,1.2980703593895955,0.6468686075584914,0.03672897358867587,319,25205.78040286500,23471.8266858905792986876,1647,302,0,False
perp,tail-sizing/read-400ms,1.0089956266744307,0.4193605102784372901389695817,0.25463080802690463,1085581.557055468670541737576,0.24101385159296218,0.7132407677106858,0.30827422119990067,1.1182073142214708,0.5661507283662427,0.032674628726313514,319,8363.6008835475,11917.1271700695626585389,980,302,0,False
perp,tail-sizing/trigger-slip,1.1870383224280197,0.4194173016381310294696640767,0.2599353756140522,1920592.464149437534086589065,0.2729847875132787,0.8164401619100434,0.3512169362413966,1.2816633875786902,0.6441015276321896,0.036601578185937345,319,15182.86805093456250,21705.1011989811324708483,1559,302,0,False
perp,no-macro/base,1.2073622583137222,0.4425419154275330105230097915,0.3032615427165747,2043742.665059579736359242317,0.2615021747053128,0.8324376399390421,0.3764915028186439,1.2883837770594402,0.637022379967064,0.03528715425640124,453,14625.8187757500,21040.4564762916611375864,1512,165,0,False
perp,no-macro/fees-x1.5,1.308055390075864,0.4453464455269410459839083340,0.3084390480827224,2757956.385269172809838718021,0.26888813938999595,0.8878823755079553,0.3936477353802293,1.3821170156356815,0.6750314044548308,0.03472296993472617,453,27908.01898016625,27458.4054969799971080116,1819,165,0,False
perp,no-macro/read-400ms,1.0591882747012251,0.4447541740954015784250795076,0.3034172108835781,1281352.232094582713802135356,0.23459620161540837,0.7528551361131998,0.3250242840187932,1.1806859882076064,0.5893451859679564,0.031139857733807574,453,8540.1103653000,12461.9927492160655702541,981,165,0,False
perp,no-macro/trigger-slip,1.2022636240269553,0.4479180754005293672076375638,0.309998703654389,2012233.836598234806223339742,0.2620052397655203,0.8311636883138641,0.3729106935804731,1.289416683047255,0.6391017585639032,0.035576561291932214,453,14507.87030766221250,20833.0718424415940689564,1486,165,0,False
perp,slow-trend/base,0.9250710758758793,0.5192462545415704848319087112,0.4540857582181733,814981.4404425805786750231383,0.32331004615461795,0.6477766386525411,0.17485840806292505,1.1206948692421572,0.6290882726758473,0.03480725658239489,702,6871.4864524650,11816.3337453100566335690,1052,1028,0,False
perp,slow-trend/fees-x1.5,0.9403598821874832,0.5244618379663141233347052841,0.45992438751069975,859469.2810390876804419472338,0.3239560653602133,0.6571789470070719,0.18234587257961793,1.132012021434526,0.6315018042872731,0.0353907728676154,702,11040.86123001000,12924.8563035216592456585,1097,1028,0,False
perp,slow-trend/read-400ms,0.7694771972660219,0.5175642414968549831845515294,0.4503037738530583,462622.4289814819015427416213,0.2897170152719095,0.5428941653847164,0.145421369066927,0.9403669617025059,0.5354216239599336,0.03251723781704659,702,4017.2282517075,8441.0240548866799153974,695,1028,0,False
perp,slow-trend/trigger-slip,0.911903913855098,0.5253435503278711984597888510,0.4608575627997996,778253.1309242696491154648089,0.32303857854442053,0.6413697367610626,0.16948932177487036,1.1132501517472548,0.6283754679134954,0.035380514886666846,702,6756.11179652257500,11666.2142906083096007440,1045,1028,0,False
perp,funding-filter/base,1.1554836681809042,0.4409705913881233074872366291,0.26776521031725375,1741920.431188371914917911707,0.2695861979181169,0.8143262177913796,0.3191481056276964,1.3095043299550628,0.669480145892613,0.03508235227859598,352,13345.8482995275,17348.7834897856104179302,1380,277,0,False
perp,funding-filter/fees-x1.5,1.1532111665880178,0.4438297444102840342563393390,0.2716931629135787,1729618.537236704160584776838,0.26888053927656874,0.8144822802697809,0.3179349861365391,1.3110295744030227,0.6702486686460789,0.03537210790501415,352,20171.22274408500,17436.7531146481387736173,1399,277,0,False
perp,funding-filter/read-400ms,0.9485780373408752,0.4440798114451642310122710120,0.2681193301914213,884225.1642867091315876218704,0.2368803488016391,0.6920670541706597,0.26679832430503675,1.1173357840362828,0.5821332208330232,0.032154854970625514,352,7216.8988902600,8471.7339005702461827995,867,277,0,False
perp,funding-filter/trigger-slip,1.1246704534160483,0.4464550693533250919519142919,0.2736919283164484,1581300.634701566380732941740,0.2679409019532562,0.7999293971713327,0.3054515783638663,1.294407215978799,0.667163166384675,0.034872925474443345,352,12220.43443603500000,15692.7318743431790378177,1289,277,0,False
perp,basis-filter/base,1.1918315169424183,0.4410507881955692423535878539,0.27897771061274135,1949051.462915256395700924859,0.275865182939894,0.8204850957212285,0.36414310874240763,1.2768270827000494,0.6429039506883503,0.03787454246821761,319,15697.7955217125,22410.7605443484809618178,1570,302,0,False
perp,basis-filter/fees-x1.5,1.2795267559740573,0.4438491131225800640158734885,0.2847596655395992,2536853.837144228563605394118,0.2833589120626964,0.8701547955560741,0.3772628474891354,1.3630467436230127,0.6793421780428708,0.03748546532773806,319,28904.83366880250,28191.3360540074456598428,1826,302,0,False
perp,basis-filter/read-400ms,1.0437114984904046,0.4441185722536510697724903881,0.2825155979656777,1218020.273511444049923305609,0.24788878892211016,0.7390205753985486,0.31483685311956444,1.1632042976775328,0.5915360608611057,0.03358781060106579,319,9199.7866479300,13315.2450167323477636440,1033,302,0,False
perp,basis-filter/trigger-slip,1.1813232241687648,0.4464701359792075525299779820,0.2866231320730961,1887122.757937005523775810974,0.27630404094231864,0.8164837318663435,0.3583264766898998,1.274640987042787,0.6444909189637844,0.03819318907931365,319,15342.73208479597500,21869.1917900812500973045,1498,302,0,False
perp,conditional-short/base,1.1973690100115104,0.6728505851813859769200411180,0.6127428542172804,1982375.767470084733867673668,0.2081049692707241,0.9248885301003371,0.348006916152017,1.5017701440486573,0.7461754272943629,0.05062830703003594,604,18948.1728780375,21895.1098593437473930321,1944,345,43,False
perp,conditional-short/fees-x1.5,1.1685475807811398,0.6756403007250736744888024112,0.6160087964580234,1814094.797902412783429545787,0.20839785552121462,0.9124437991559242,0.3356773667670965,1.489210231544752,0.7469421064583286,0.051574848902095606,604,27219.16262944125,20794.5028451262445632386,1789,345,43,False
perp,conditional-short/read-400ms,1.0231461343615278,0.6532510536141151473486557384,0.5806223492632636,1138002.439415030875003588835,0.18978376907095032,0.834631732162898,0.29048543954389255,1.3787780247819035,0.7054406672023324,0.05048319829224891,357,9707.2343685375,10567.7182064726763195824,1125,345,43,False
perp,conditional-short/trigger-slip,1.1694569652807512,0.6761854820304346234984033143,0.61668273658385,1819212.236201291281008359477,0.20749465567549144,0.9137963616020972,0.3361125807807606,1.491480142423434,0.7468872675327624,0.05157050278964793,604,18225.63121909848750,20904.3020924187210182929,1828,345,43,False
