project,candidate,complete_audited,cagr,continuous_proxy_mdd,final_cny,daily_beta_btc_usdt,native_execution_verified
Spot,basis-base,True,0.4777561787958746,0.4148849661940514820178220727,137882.0783818531957689314032,0.37658949520633744,False
Spot,consensus-base,True,0.5185027797160926,0.4120733483379037501201538132,165529.1033820121894404942755,0.3970687875369188,False
Spot,default-base,True,0.47778135201771144,0.4148415008541352603263169201,137897.8599199421201589725060,0.37659191151039695,False
Spot,downside-base,True,0.4635966012408226,0.4165597330570531126939704973,129245.1826663143060119834588,0.3619851236272725,False
Spot,funding-base,True,0.43063112159505446,0.4148502329991644645610023576,110902.5524703016999489971853,0.3493205463424275,False
Perpetual,incumbent,True,1.1922835553585416,0.4410507881955692423535878539,1951753.808294805224630873758,0.2758482022457531,False
Perpetual,tail-sizing,True,1.210655848222122,0.4194237788913772143516484108,2064319.031685532601149090384,0.2740964015111847,False
Perpetual,no-macro,True,1.2073622583137222,0.4425419154275330105230097915,2043742.665059579736359242317,0.2615021747053128,False
Perpetual,slow-trend,True,0.9250710758758793,0.5192462545415704848319087112,814981.4404425805786750231383,0.32331004615461795,False
Perpetual,funding-filter,True,1.1554836681809042,0.4409705913881233074872366291,1741920.431188371914917911707,0.2695861979181169,False
Perpetual,basis-filter,True,1.1918315169424183,0.4410507881955692423535878539,1949051.462915256395700924859,0.275865182939894,False
Perpetual,conditional-short,True,1.1973690100115104,0.6728505851813859769200411180,1982375.767470084733867673668,0.2081049692707241,False
