account,status,reasons,raw_sha256,cagr,continuous_proxy_mdd,es99_cny_loss
perp|cost-horizon|base|1E+4|0|unscaled,complete,,a071749cb6498a0e9612241bca23b57f8de9bae002b93fe189b7e1a3777a416d,1.1973153604577402,0.44108514804704607,0.11227926025360173
perp|cost-horizon|fees-x1.5|1E+4|0|unscaled,complete,,a071749cb6498a0e9612241bca23b57f8de9bae002b93fe189b7e1a3777a416d,1.1716056245383588,0.4438220768023886,0.11310753536118263
perp|cost-horizon|read-400ms|1E+4|0|unscaled,complete,,a071749cb6498a0e9612241bca23b57f8de9bae002b93fe189b7e1a3777a416d,0.9771326811468548,0.4440767011356615,0.1015798307814027
perp|cost-horizon|trigger-slip|1E+4|0|unscaled,complete,,a071749cb6498a0e9612241bca23b57f8de9bae002b93fe189b7e1a3777a416d,1.178017256217494,0.44643274024599694,0.1138968278736194
perp|crowding-interaction|base|1E+4|0|unscaled,complete,,a071749cb6498a0e9612241bca23b57f8de9bae002b93fe189b7e1a3777a416d,1.1885385378253823,0.44105078819556925,0.10849822532608253
perp|crowding-interaction|fees-x1.5|1E+4|0|unscaled,complete,,a071749cb6498a0e9612241bca23b57f8de9bae002b93fe189b7e1a3777a416d,1.2824135980898483,0.4438491131225801,0.10715970656709682
perp|crowding-interaction|read-400ms|1E+4|0|unscaled,complete,,a071749cb6498a0e9612241bca23b57f8de9bae002b93fe189b7e1a3777a416d,1.0439622913482207,0.4441185722536511,0.09706215384078969
perp|crowding-interaction|trigger-slip|1E+4|0|unscaled,complete,,a071749cb6498a0e9612241bca23b57f8de9bae002b93fe189b7e1a3777a416d,1.2465459085330606,0.44647013597920754,0.10929682486567711
perp|incumbent|base|1E+4|0|unscaled,complete,,a071749cb6498a0e9612241bca23b57f8de9bae002b93fe189b7e1a3777a416d,1.1922835553585416,0.44105078819556925,0.10849810797410296
perp|incumbent|fees-x1.5|1E+4|0|unscaled,complete,,a071749cb6498a0e9612241bca23b57f8de9bae002b93fe189b7e1a3777a416d,1.2854050784017872,0.4438491131225801,0.10713018353864864
perp|incumbent|read-400ms|1E+4|0|unscaled,complete,,a071749cb6498a0e9612241bca23b57f8de9bae002b93fe189b7e1a3777a416d,1.047729985096748,0.4441185722536511,0.09706227682691874
perp|incumbent|trigger-slip|1E+4|0|unscaled,complete,,a071749cb6498a0e9612241bca23b57f8de9bae002b93fe189b7e1a3777a416d,1.2493652065950864,0.44647013597920754,0.10926566275095734
perp|quality-budget|base|1E+4|0|unscaled,complete,,a071749cb6498a0e9612241bca23b57f8de9bae002b93fe189b7e1a3777a416d,1.1371477948833646,0.4410572696389527,0.09616045294193357
perp|quality-budget|fees-x1.5|1E+4|0|unscaled,complete,,a071749cb6498a0e9612241bca23b57f8de9bae002b93fe189b7e1a3777a416d,1.151192655415835,0.44383576211103265,0.09680923252829238
perp|quality-budget|read-400ms|1E+4|0|unscaled,complete,,a071749cb6498a0e9612241bca23b57f8de9bae002b93fe189b7e1a3777a416d,0.9512910291288303,0.4440348373788965,0.09299112912871527
perp|quality-budget|trigger-slip|1E+4|0|unscaled,complete,,a071749cb6498a0e9612241bca23b57f8de9bae002b93fe189b7e1a3777a416d,1.1275164801584578,0.4463479190963069,0.09730049046420537
spot|atr-stop|base|1E+4|0|unscaled,complete,,4362d338f0fe123089df245e8814a909f86bc2e90ccfd6ebf0c2f95126b635f3,0.5521803260594271,0.3641224868625987,0.07188502641030876
spot|atr-stop|fee150|1E+4|0|unscaled,complete,,0dddd2f1dab44140115bfe118f55859fdb821f46d07ef3ddd175334cb0c80a72,0.5421393169180941,0.3655908490036029,0.0719656837093259
spot|atr-stop|outage|1E+4|0|unscaled,complete,,41863d08944d564007903570be57f476cffc3c9d6c214bd9174c17bb512a7de2,0.5521803260594271,0.3641224868625987,0.07188502641030876
spot|atr-stop|slip2|1E+4|0|unscaled,complete,,8b8b20f856264ec2cfcfe7d6e68bc3f1529e6548b8fb346f6621644eb98a4496,0.5410209158261161,0.36569369874011004,0.07204789999935378
spot|cash|base|1E+4|0|unscaled,complete,,4cc06871e517b90c2a00bab5b082d3abbd35772af5bc91eaf95f4382b440a329,-0.006031538320149354,0.11851148237134715,0.010732390895437174
spot|cash|fee150|1E+4|0|unscaled,complete,,e2f13dba8b361edc50bea52c4f01a863b990b66b6b47ae795b3d0038ea249902,-0.006031538320149354,0.11851148237134715,0.010732390895437174
spot|cash|outage|1E+4|0|unscaled,complete,,e8d1f807f9cbf098e08ec7bc4f7df8a23d3d06baa9a9d8299c8f6c4b0179f4d1,-0.006031538320149354,0.11851148237134715,0.010732390895437174
spot|cash|slip2|1E+4|0|unscaled,complete,,5bb969e0772e42faf479eeacb5864f3a1650bc7bd4d82d41f5c017a92dae87e3,-0.006031538320149354,0.11851148237134715,0.010732390895437174
spot|crowding-interaction|base|1E+4|0|unscaled,complete,,4c937ecf80f60d957486a752562c8ab8dfee4c06fa2e5b38b135cfb24ec38872,0.5659811581642389,0.3641224868625987,0.07133672326867929
spot|crowding-interaction|fee150|1E+4|0|unscaled,complete,,142c328c958f7459df93b1b4032ba61a66a9a550241937646adee212ba7647d0,0.5421083776286311,0.3655908490036029,0.0719656841675616
spot|crowding-interaction|outage|1E+4|0|unscaled,complete,,b5cb4e69c1b2970c8e8df0e7c8bb17e04093303c2a27c019cb9d5ea534fd471b,0.5659811581642389,0.3641224868625987,0.07133672326867929
spot|crowding-interaction|slip2|1E+4|0|unscaled,complete,,29d80444fc598545a209be1cc8d840a30d264307f45700a81cac7974c877b42e,0.5509040168512871,0.36569369874011004,0.07146501977527411
spot|exit-confirm|base|1E+4|0|unscaled,complete,,a28f09443a1818c338b0a33cb8eeefb12b07fd2d71b1c932a885c2bf4507e6f3,0.5081913901092541,0.3781043060745326,0.07574171376340093
spot|exit-confirm|fee150|1E+4|0|unscaled,complete,,d03cb045553cee8fc1434b6318c9119c14d12bbdf965179443b26aa905ffe017,0.49994809214722213,0.37954590666728966,0.07583172278292663
spot|exit-confirm|outage|1E+4|0|unscaled,complete,,a3c8798a95b996ab2ad2b739f24566d33843a1cf9725038ec50359f8d9ec2f57,0.5081913901092541,0.3781043060745326,0.07574171376340093
spot|exit-confirm|slip2|1E+4|0|unscaled,complete,,3444a4fae3b1d426f452748259dfa298e2ea9048a2a366a7a5fb826b404bf0cf,0.34335353120450063,0.3240208376342745,0.06750766027338222
spot|protected-participation-100|base|1E+4|0|unscaled,complete,,0ddbcb09c7a30ea2a602d98bb598730187d39d9377d2cd398d37400e2c25cf3e,0.4408221237831127,0.7401756868994973,0.09962923536537367
spot|protected-participation-100|fee150|1E+4|0|unscaled,complete,,7d233a26d22491f38d030305cc33a89cae94b746d8a8bbf04da8f1ce68be94ca,0.4375056166196327,0.7422474461555787,0.09973079405258452
spot|protected-participation-100|outage|1E+4|0|unscaled,complete,,41f7bb6fa6dd42d5af8bf9091c16716dff706f9052b3efa1fcd6e34597a363ae,0.4046978676170334,0.7401768810701715,0.09962935228187461
spot|protected-participation-100|slip2|1E+4|0|unscaled,complete,,d9396adb2782b3b900532189856ebe0d63b4afe99b3e7636f436e6f3797b8227,0.43600722055376795,0.7431490393805943,0.09982041569560295
spot|protected-participation-25|base|1E+4|0|unscaled,complete,,d5325031be5ded522e909ce4a65cc7bc6939bc488ebb4957a55c4c2be2f8a699,0.18104845755617682,0.24754869834276988,0.039519937616471844
spot|protected-participation-25|fee150|1E+4|0|unscaled,complete,,5adacdbad10683b96ba860b19a4c0931c30cc7ed09bd7b7b9fb1f4de71476100,0.18029177122061513,0.24817715419421982,0.039534394035933944
spot|protected-participation-25|outage|1E+4|0|unscaled,complete,,5d42ad434b3a9c9edcd558ae088c81f1a84638c052d4200223a0807ce0b83855,0.16225190320655014,0.24743998079145274,0.03836348270724517
spot|protected-participation-25|slip2|1E+4|0|unscaled,complete,,aac6806ca59340270b3df7d0704783ce6e268c8b5c84fd9e1c091975a7e188f1,0.17994998886225955,0.24865263778869617,0.03955691399421893
spot|protected-participation-50|base|1E+4|0|unscaled,complete,,685c7008aafef92ec34933a34521075e3a474f335f3418f4fc92d9ddab20e976,0.30313202992235144,0.4541877906653959,0.06174466036018351
spot|protected-participation-50|fee150|1E+4|0|unscaled,complete,,5f379132c11cfe626377978605409ea7c9146fb520a9c446f84bfcd2db735994,0.30152929206641854,0.4562467168253406,0.061777982237693874
spot|protected-participation-50|outage|1E+4|0|unscaled,complete,,431ca26ccff0ae754d109114913b3b2dfc7718d320f33f590b455609750b91e8,0.2757187817912121,0.45425695944644995,0.06109052696395273
spot|protected-participation-50|slip2|1E+4|0|unscaled,complete,,108eafb3f91edfe00592a357a431829b63b39c5390065d8c7bfee4e7ad51e274,0.3008018613011849,0.4572124198342925,0.0618150200347618
spot|protected-participation-75|base|1E+4|0|unscaled,complete,,ac308806bcb661aa8e4b729c6f4f10a11d55607e00aa5f7cf8659cc039fcad61,0.3867840873939321,0.6183632251990313,0.08113321327014938
spot|protected-participation-75|fee150|1E+4|0|unscaled,complete,,ddb6719708dbe470a84f27609e6c71f183182b31cabfd12dd16eb8cf0ca615d4,0.38434247326467386,0.6205709274433209,0.08120003652780201
spot|protected-participation-75|outage|1E+4|0|unscaled,complete,,64fec4f15f2126f8383befbd6dc934dbcb2c7bb2e0f38187ef07159eb1e3b1be,0.3540985426176497,0.6183667379617757,0.08082316654587621
spot|protected-participation-75|slip2|1E+4|0|unscaled,complete,,8821fbd4d017a706ca26c353b0a262761df748468810db4f915d129a574ba3c4,0.38322235592002873,0.621558988890129,0.08126065115974462
spot|stop-budget|base|1E+4|0|unscaled,complete,,c5422ef1b46832c46366180ceb633411ec4744b672e1334b55e43a2045c59aac,0.0278976618819482,0.1971312141594968,0.021239219802946012
spot|stop-budget|fee150|1E+4|0|unscaled,complete,,e2327566b997b92c1c0993bbe0a98054ae15573ab48030a346968550c23f15ed,0.027729864301239138,0.19742156567160687,0.02123271540947439
spot|stop-budget|outage|1E+4|0|unscaled,complete,,3f24e37b337a8af287bea54effc3cf3dcfc378f4a6d916088204ffcf29bb41cd,0.0278976618819482,0.1971312141594968,0.021239219802946012
spot|stop-budget|slip2|1E+4|0|unscaled,complete,,ecf06ee7f9d1cc645aba31cfd7cda162400302b6287cb7cbd1ae02ce5b4aabc7,0.027678043975172928,0.19750408929122976,0.021229424962308608
