account_id,project,candidate,scenario,initial_cny,actual_risk_sizing,offset_ms,cagr,continuous_mdd_proxy,daily_mdd,worst_day,daily_es99_loss,underwater_days,usdt_beta,descriptive_usdt_alpha_annualized,validation_usdt_beta,validation_usdt_vol_annualized,validation_descriptive_alpha_annualized,fees_usdt,funding_paid_usdt,raw_sha256
perp|cost-horizon|base|1E+4|0|risk,perp,cost-horizon,base,10000,True,0,1.1973153604577402,0.4410851480470460724274469985,0.2813521169524873,-0.21224298187373714,0.11227926025360173,318,0.2799675772069037,0.8371544035882669,0.29085385102045513,0.594157524156276,0.5848939080274064,16736.2221780300,21696.2013497086158346979,3e7a4720971cef6dd621a4a83544b1d65f8d5fdf6ee868e7e8baac5463a64520
perp|cost-horizon|base|1E+4|0|unscaled,perp,cost-horizon,base,10000,False,0,1.1973153604577402,0.4410851480470460724274469985,0.2813521169524873,-0.21224298187373714,0.11227926025360173,318,0.2799675772069037,0.8371544035882669,0.29085385102045513,0.594157524156276,0.5848939080274064,16736.2221780300,21696.2013497086158346979,a071749cb6498a0e9612241bca23b57f8de9bae002b93fe189b7e1a3777a416d
perp|cost-horizon|fees-x1.5|1E+4|0|unscaled,perp,cost-horizon,fees-x1.5,10000,False,0,1.1716056245383588,0.4438220768023885969552560446,0.28914005520363706,-0.21625202268038524,0.11310753536118263,318,0.28032745665527786,0.8252392260094331,0.29285538375155207,0.5946554885704853,0.576067000291692,23116.13995380750,20504.3365673782100390532,a071749cb6498a0e9612241bca23b57f8de9bae002b93fe189b7e1a3777a416d
perp|cost-horizon|read-400ms|1E+4|0|unscaled,perp,cost-horizon,read-400ms,10000,False,0,0.9771326811468548,0.4440767011356615247650045409,0.27722149669464036,-0.2136011353318723,0.1015798307814027,318,0.24189844711881997,0.7078628128022394,0.22701206598428122,0.4506243454842244,0.41627271496986734,8132.1012873375,10186.4901014769607265483,a071749cb6498a0e9612241bca23b57f8de9bae002b93fe189b7e1a3777a416d
perp|cost-horizon|trigger-slip|1E+4|0|unscaled,perp,cost-horizon,trigger-slip,10000,False,0,1.178017256217494,0.4464327402459969635147758327,0.2923589043505207,-0.2198009106521409,0.1138968278736194,318,0.2796769140087842,0.8286734169287919,0.29143327040659983,0.5936233280791757,0.5763786326139332,15762.64691766442500,20985.4395483860647823095,a071749cb6498a0e9612241bca23b57f8de9bae002b93fe189b7e1a3777a416d
perp|crowding-interaction|base|1E+4|0|risk,perp,crowding-interaction,base,10000,True,0,1.1885385378253823,0.4410507881955692423535878539,0.27897771061274135,-0.2122142333473852,0.10849822532608253,319,0.2757792861403063,0.8190040887140334,0.26822278434957436,0.5156455853656199,0.5318134198134984,15231.6444614625,21682.8197540415389242555,3e7a4720971cef6dd621a4a83544b1d65f8d5fdf6ee868e7e8baac5463a64520
perp|crowding-interaction|base|1E+4|0|unscaled,perp,crowding-interaction,base,10000,False,0,1.1885385378253823,0.4410507881955692423535878539,0.27897771061274135,-0.2122142333473852,0.10849822532608253,319,0.2757792861403063,0.8190040887140334,0.26822278434957436,0.5156455853656199,0.5318134198134984,15231.6444614625,21682.8197540415389242555,a071749cb6498a0e9612241bca23b57f8de9bae002b93fe189b7e1a3777a416d
perp|crowding-interaction|fees-x1.5|1E+4|0|unscaled,perp,crowding-interaction,fees-x1.5,10000,False,0,1.2824135980898483,0.4438491131225800640158734885,0.2847596655395992,-0.21618088233486388,0.10715970656709682,319,0.2833788384339417,0.8713378418301813,0.2826512789461792,0.5742819547290429,0.5863439330843694,29278.89674446500,28587.9510912067983810613,a071749cb6498a0e9612241bca23b57f8de9bae002b93fe189b7e1a3777a416d
perp|crowding-interaction|read-400ms|1E+4|0|unscaled,perp,crowding-interaction,read-400ms,10000,False,0,1.0439622913482207,0.4441185722536510697724903881,0.2825155979656777,-0.21355442338322683,0.09706215384078969,319,0.24786270736406013,0.7391452703428325,0.2226943226652399,0.4405650171735513,0.43127713574232285,9201.5842111050,13321.1412954269947013759,a071749cb6498a0e9612241bca23b57f8de9bae002b93fe189b7e1a3777a416d
perp|crowding-interaction|trigger-slip|1E+4|0|unscaled,perp,crowding-interaction,trigger-slip,10000,False,0,1.2465459085330606,0.4464701359792075525299779820,0.2866231320730961,-0.21979910009482906,0.10929682486567711,319,0.2849304355530622,0.8554034214006454,0.2880457268208725,0.5804529529109601,0.5899472536173707,18573.87956932200000,25694.5499214169309876863,a071749cb6498a0e9612241bca23b57f8de9bae002b93fe189b7e1a3777a416d
perp|incumbent|base|1E+4|-60000|unscaled,perp,incumbent,base,10000,False,-60000,1.3601863984624747,0.4426094536286016046215101016,0.28673515696710417,-0.2230386595356031,0.1072598604605487,319,0.28695898185609714,0.89655808888504,0.2886678153283456,0.5348793655031708,0.6171901678236398,18029.9459430375,27391.6791671721442921515,f932dd909fbf21a21db1112f2c4441d8d2a521a4d832c17f84e1474922ffcee7
perp|incumbent|base|1E+4|0|risk,perp,incumbent,base,10000,True,0,1.1922835553585416,0.4410507881955692423535878539,0.27897771061274135,-0.2122142333473852,0.10849810797410296,319,0.2758482022457531,0.8207926388042455,0.26836988788076943,0.5159826234101154,0.5343779095803608,15290.5449985125,21733.1561226997578762817,3e7a4720971cef6dd621a4a83544b1d65f8d5fdf6ee868e7e8baac5463a64520
perp|incumbent|base|1E+4|0|unscaled,perp,incumbent,base,10000,False,0,1.1922835553585416,0.4410507881955692423535878539,0.27897771061274135,-0.2122142333473852,0.10849810797410296,319,0.2758482022457531,0.8207926388042455,0.26836988788076943,0.5159826234101154,0.5343779095803608,15290.5449985125,21733.1561226997578762817,a071749cb6498a0e9612241bca23b57f8de9bae002b93fe189b7e1a3777a416d
perp|incumbent|base|1E+4|60000|unscaled,perp,incumbent,base,10000,False,60000,1.271145238074522,0.4434601798101249874335899883,0.2840388759585907,-0.22054049383337104,0.10450274387305734,319,0.27826683269525654,0.8547109725024168,0.27393713607652836,0.5170755777702144,0.5731746377321691,16160.0512870350,22499.0324496191330286026,af2c2f743ed627a1fd4ea865fca0f268f62dc2873481127802b2b7cf1f859560
perp|incumbent|base|2.5E+3|0|unscaled,perp,incumbent,base,2500,False,0,1.444211402445811,0.4409000779235350073457632061,0.27905829754445977,-0.21225497081253297,0.10996707580889369,319,0.30088887330986497,0.9432922825614686,0.3171306892771959,0.6096475083225367,0.6855637914570513,7524.8657517225,9901.3649753190954344096,ebc5dbe70628b03bf4fffd1601313b5977c92521cb76fe53c6872000321add04
perp|incumbent|base|5E+3|0|unscaled,perp,incumbent,base,5000,False,0,1.3688966339824828,0.4410825336572947127930513132,0.27914859238462986,-0.21231602506552483,0.10965332238234744,319,0.2935272537468722,0.9114210197838165,0.3019043548775448,0.5970306581429387,0.6371549362649822,12724.8264425400,17565.5511224891502427981,4df6b5baafc3bb9a6d349c5216aa6b4548a9c81d9ba055c5bd6efe71556385d7
perp|incumbent|base|7.5E+3|0|unscaled,perp,incumbent,base,7500,False,0,1.3221563612705958,0.4410492688305721019013572403,0.27906533903189445,-0.21222144420443223,0.10799038015005401,319,0.28734115677146466,0.8904140220273007,0.28939975851967076,0.5854599537842499,0.6058770180082567,17098.3965440175,23480.6424069160288443402,56b2ad43098d9965b97f24ddefdd4ae9ddbf954c58122e95b1239840efa7db6d
perp|incumbent|fees-x1.5|1E+4|0|unscaled,perp,incumbent,fees-x1.5,10000,False,0,1.2854050784017872,0.4438491131225800640158734885,0.2847596655395992,-0.21618088233486388,0.10713018353864864,319,0.28333380720845425,0.8726726080180736,0.2825664846070567,0.5742407320300646,0.5882309834620716,29369.42264247750,28613.8155521272476993033,a071749cb6498a0e9612241bca23b57f8de9bae002b93fe189b7e1a3777a416d
perp|incumbent|read-400ms|1E+4|0|unscaled,perp,incumbent,read-400ms,10000,False,0,1.047729985096748,0.4441185722536510697724903881,0.2825155979656777,-0.21355442338322683,0.09706227682691874,319,0.24793946229393,0.7410701260018993,0.22285785468452876,0.44099046853407015,0.4340377838339622,9241.4293965300,13355.3004746915748191633,a071749cb6498a0e9612241bca23b57f8de9bae002b93fe189b7e1a3777a416d
perp|incumbent|trigger-slip|1E+4|0|unscaled,perp,incumbent,trigger-slip,10000,False,0,1.2493652065950864,0.4464701359792075525299779820,0.2866231320730961,-0.21979910009482906,0.10926566275095734,319,0.28486942891360323,0.8566642662132687,0.2879283738003421,0.5803215617139652,0.5917246674393845,18626.18665331587500,25716.9758028223250546160,a071749cb6498a0e9612241bca23b57f8de9bae002b93fe189b7e1a3777a416d
perp|quality-budget|base|1E+4|0|risk,perp,quality-budget,base,10000,True,0,1.1371477948833646,0.4410572696389527241573152262,0.2613426629736266,-0.2122683251437304,0.09616045294193357,319,0.2605697490361288,0.7879528876875774,0.26727155589397084,0.5445527306421648,0.5980876504522094,10197.3708306150,15121.2964428817019177912,3e7a4720971cef6dd621a4a83544b1d65f8d5fdf6ee868e7e8baac5463a64520
perp|quality-budget|base|1E+4|0|unscaled,perp,quality-budget,base,10000,False,0,1.1371477948833646,0.4410572696389527241573152262,0.2613426629736266,-0.2122683251437304,0.09616045294193357,319,0.2605697490361288,0.7879528876875774,0.26727155589397084,0.5445527306421648,0.5980876504522094,10197.3708306150,15121.2964428817019177912,a071749cb6498a0e9612241bca23b57f8de9bae002b93fe189b7e1a3777a416d
perp|quality-budget|fees-x1.5|1E+4|0|unscaled,perp,quality-budget,fees-x1.5,10000,False,0,1.151192655415835,0.4438357621110326532345165847,0.2670565220750699,-0.2162657759551193,0.09680923252829238,319,0.2603014551096408,0.7956755838267451,0.265710738211105,0.5425745221681002,0.5867599376098445,16400.81875840875,16367.3836116731948871977,a071749cb6498a0e9612241bca23b57f8de9bae002b93fe189b7e1a3777a416d
perp|quality-budget|read-400ms|1E+4|0|unscaled,perp,quality-budget,read-400ms,10000,False,0,0.9512910291288303,0.4440348373788964975083586378,0.26536337959178646,-0.2135216990195552,0.09299112912871527,319,0.232217386306919,0.6777250458354224,0.21464707152509022,0.4020031452586802,0.4404531922879326,5650.8942273675,8657.7501049754135392176,a071749cb6498a0e9612241bca23b57f8de9bae002b93fe189b7e1a3777a416d
perp|quality-budget|trigger-slip|1E+4|0|unscaled,perp,quality-budget,trigger-slip,10000,False,0,1.1275164801584578,0.4463479190963068798752705466,0.2690151623867184,-0.2197236191546179,0.09730049046420537,319,0.26015188778908166,0.7835429338572398,0.2676318206154077,0.5432417232747769,0.5955548193001519,10104.81909474187500,14994.4357782174204313167,a071749cb6498a0e9612241bca23b57f8de9bae002b93fe189b7e1a3777a416d
spot|atr-stop|base|1E+4|0|risk,spot,atr-stop,base,10000,True,0,0.5521803260594271,0.3641224868625986569325860059,0.34058380725617265,-0.15802886316559805,0.07188502641030876,713,0.3871006128658973,0.30112930016553185,0.3376689286429582,0.29068114067881307,0.14672612463454135,1521.505057096932773707291653,0,78d1c6e0e9369a467f079d49d02146c1c122744d17f7f246e0e6e7a2c2b4b082
spot|atr-stop|base|1E+4|0|unscaled,spot,atr-stop,base,10000,False,0,0.5521803260594271,0.3641224868625986569325860059,0.34058380725617265,-0.15802886316559805,0.07188502641030876,713,0.3871006128658973,0.30112930016553185,0.3376689286429582,0.29068114067881307,0.14672612463454135,1521.505057096932773707291653,0,4362d338f0fe123089df245e8814a909f86bc2e90ccfd6ebf0c2f95126b635f3
spot|atr-stop|base|2.5E+3|0|unscaled,spot,atr-stop,base,2500,False,0,0.5521392905135991,0.3641212145685049892849937945,0.3405825840189519,-0.15801363005557367,0.07188407699270671,713,0.38720343296429466,0.3010466505120906,0.3377626132097688,0.29068147858959725,0.1466780328838581,380.2693920900379378493055592,0,16169342ab46e3cbd7111fec2e30dada11caeb3a8cb2e0f0912c19ee9dd51cac
spot|atr-stop|base|5E+3|0|unscaled,spot,atr-stop,base,5000,False,0,0.5521709135437658,0.3641285474049094766062778998,0.3405901317266823,-0.15802184757658388,0.07188467459857335,713,0.387124915769042,0.30110996350873714,0.3376936548211927,0.29068126526541005,0.1467114734124091,760.6824007617319544138888827,0,b81328dfc6286e193662ad33e1251bf9ed0ac7ed1728de204e7e7fe6f781574a
spot|atr-stop|base|7.5E+3|0|unscaled,spot,atr-stop,base,7500,False,0,0.5521870122124111,0.3641231678842301746253404144,0.3405845328238579,-0.1580245810391041,0.07188478502996899,713,0.38710705159344067,0.3011300584475705,0.33767810482900223,0.29068114654210764,0.14672351194034514,1141.125875672218974739236140,0,18864a07b696c02c81f5b35f7874ed95e1f6d5034bf02fac98faac7929aa75c7
spot|atr-stop|fee150|1E+4|0|unscaled,spot,atr-stop,fee150,10000,False,0,0.5421393169180941,0.3655908490036028677083839603,0.34210654825428377,-0.15844919131490898,0.0719656837093259,713,0.3871470888150683,0.29464391045033667,0.3376955396413854,0.29075760309637405,0.14005009429874357,2219.249265445183397972395854,0,0dddd2f1dab44140115bfe118f55859fdb821f46d07ef3ddd175334cb0c80a72
spot|atr-stop|outage|1E+4|0|unscaled,spot,atr-stop,outage,10000,False,0,0.5521803260594271,0.3641224868625986569325860059,0.34058380725617265,-0.15802886316559805,0.07188502641030876,713,0.3871006128658973,0.30112930016553185,0.3376689286429582,0.29068114067881307,0.14672612463454135,1521.505057096932773707291653,0,41863d08944d564007903570be57f476cffc3c9d6c214bd9174c17bb512a7de2
spot|atr-stop|slip2|1E+4|0|unscaled,spot,atr-stop,slip2,10000,False,0,0.5410209158261161,0.3656936987401100299420172968,0.3422131826207577,-0.15887222309925297,0.07204789999935378,713,0.38725541257073576,0.29389931934530983,0.33782565884600385,0.2908470516139626,0.1393535627319893,1474.248792682112440406250002,0,8b8b20f856264ec2cfcfe7d6e68bc3f1529e6548b8fb346f6621644eb98a4496
spot|cash|base|1E+4|0|unscaled,spot,cash,base,10000,False,0,-0.006031538320149354,0.1185114823713471531541599154,0.11851148237134723,-0.019857138917234285,0.010732390895437174,851,0.0,0.0,0.0,0.0,0.0,0,0,4cc06871e517b90c2a00bab5b082d3abbd35772af5bc91eaf95f4382b440a329
spot|cash|fee150|1E+4|0|unscaled,spot,cash,fee150,10000,False,0,-0.006031538320149354,0.1185114823713471531541599154,0.11851148237134723,-0.019857138917234285,0.010732390895437174,851,0.0,0.0,0.0,0.0,0.0,0,0,e2f13dba8b361edc50bea52c4f01a863b990b66b6b47ae795b3d0038ea249902
spot|cash|outage|1E+4|0|unscaled,spot,cash,outage,10000,False,0,-0.006031538320149354,0.1185114823713471531541599154,0.11851148237134723,-0.019857138917234285,0.010732390895437174,851,0.0,0.0,0.0,0.0,0.0,0,0,e8d1f807f9cbf098e08ec7bc4f7df8a23d3d06baa9a9d8299c8f6c4b0179f4d1
spot|cash|slip2|1E+4|0|unscaled,spot,cash,slip2,10000,False,0,-0.006031538320149354,0.1185114823713471531541599154,0.11851148237134723,-0.019857138917234285,0.010732390895437174,851,0.0,0.0,0.0,0.0,0.0,0,0,5bb969e0772e42faf479eeacb5864f3a1650bc7bd4d82d41f5c017a92dae87e3
spot|crowding-interaction|base|1E+4|0|risk,spot,crowding-interaction,base,10000,True,0,0.5659811581642389,0.3641224868625986569325860059,0.34058380725617265,-0.15802886316559805,0.07133672326867929,713,0.3685394927111861,0.31673214381566206,0.30029961070033273,0.2735067037402108,0.16377677159530288,1108.006337619158987335763907,0,32b2068dc7c043cbdc8de01ad805f4571c336c8eb42d0e18fd4acc9342d7d600
spot|crowding-interaction|base|1E+4|0|unscaled,spot,crowding-interaction,base,10000,False,0,0.5659811581642389,0.3641224868625986569325860059,0.34058380725617265,-0.15802886316559805,0.07133672326867929,713,0.3685394927111861,0.31673214381566206,0.30029961070033273,0.2735067037402108,0.16377677159530288,1108.006337619158987335763907,0,4c937ecf80f60d957486a752562c8ab8dfee4c06fa2e5b38b135cfb24ec38872
spot|crowding-interaction|base|2.5E+3|0|unscaled,spot,crowding-interaction,base,2500,False,0,0.5310543028960717,0.3641212145685049892849937945,0.3405825840189519,-0.15801363005557367,0.07188404565461706,713,0.3804458209067526,0.28995418622235136,0.32408154930098315,0.2851234797544412,0.1290153764602198,362.9020610706078426715277748,0,d7171429468b487abbca951c62107a582ed366e4e6bae3d2d01a09eb662fe033
spot|crowding-interaction|base|5E+3|0|unscaled,spot,crowding-interaction,base,5000,False,0,0.5310706413170663,0.3641285474049094766062778998,0.3405901317266823,-0.15802184757658388,0.07188470083643418,713,0.3803742413332999,0.29000408809909745,0.32402652421639727,0.28512371034990724,0.12903165767216365,725.9331916865023072152777732,0,19b114d314d8992ccbd78d49267f988fb6ea3f05e0a29a812bc0304fd9c2f63c
spot|crowding-interaction|base|7.5E+3|0|unscaled,spot,crowding-interaction,base,7500,False,0,0.5593260181291668,0.3641231678842301746253404144,0.3405845328238579,-0.1580245810391041,0.07133650423316684,713,0.3644065321103489,0.3139510593765947,0.29194655775266803,0.2694164401265442,0.15866572263728543,676.6960664044246707538194729,0,84b3e6d699a0acdf620d046cdaab5e94d36fa2d613fc0ab0ec7e5c8889d312de
spot|crowding-interaction|fee150|1E+4|0|unscaled,spot,crowding-interaction,fee150,10000,False,0,0.5421083776286311,0.3655908490036028677083839603,0.34210654825428377,-0.15844919131490898,0.0719656841675616,713,0.3871470338269945,0.2946235327423928,0.3376953365303839,0.29075593600940464,0.14002107875563283,2219.101992430944582741145860,0,142c328c958f7459df93b1b4032ba61a66a9a550241937646adee212ba7647d0
spot|crowding-interaction|outage|1E+4|0|unscaled,spot,crowding-interaction,outage,10000,False,0,0.5659811581642389,0.3641224868625986569325860059,0.34058380725617265,-0.15802886316559805,0.07133672326867929,713,0.3685394927111861,0.31673214381566206,0.30029961070033273,0.2735067037402108,0.16377677159530288,1108.006337619158987335763907,0,b5cb4e69c1b2970c8e8df0e7c8bb17e04093303c2a27c019cb9d5ea534fd471b
spot|crowding-interaction|slip2|1E+4|0|unscaled,spot,crowding-interaction,slip2,10000,False,0,0.5509040168512871,0.3656936987401100299420172968,0.3422131826207577,-0.15887222309925297,0.07146501977527411,713,0.3645122857888018,0.30853440888370465,0.2920163753408725,0.26952602218155597,0.15386563846412024,880.6386092303513304062500068,0,29d80444fc598545a209be1cc8d840a30d264307f45700a81cac7974c877b42e
spot|exit-confirm|base|1E+4|0|risk,spot,exit-confirm,base,10000,True,0,0.41233322702346586,0.3641096722125579618943864691,0.34154643628337866,-0.15802849985681822,0.07131764333507426,894,0.3242904135172284,0.22858464259582026,0.16957556733978024,0.18929790578210226,0.04341962574532333,428.5312438764567416131944542,0,2ed1e487ccd7b1efbff0d00ad5894fd2f70550e20e511327b22ea44d365ce66d
spot|exit-confirm|base|1E+4|0|unscaled,spot,exit-confirm,base,10000,False,0,0.5081913901092541,0.3781043060745326088706837562,0.3550832299917509,-0.15802849985681822,0.07574171376340093,713,0.40700499693947184,0.26622551708177167,0.3365906692217575,0.29185319888692746,0.11995721973325137,1196.808772675186222882986109,0,a28f09443a1818c338b0a33cb8eeefb12b07fd2d71b1c932a885c2bf4507e6f3
spot|exit-confirm|fee150|1E+4|0|unscaled,spot,exit-confirm,fee150,10000,False,0,0.49994809214722213,0.3795459066672896500873686725,0.35657815326519837,-0.158448224188396,0.07583172278292663,713,0.4071210907542305,0.2607370250732097,0.3366850332553864,0.2919871481756147,0.11435789567346584,1753.346263097023997672395823,0,d03cb045553cee8fc1434b6318c9119c14d12bbdf965179443b26aa905ffe017
spot|exit-confirm|outage|1E+4|0|unscaled,spot,exit-confirm,outage,10000,False,0,0.5081913901092541,0.3781043060745326088706837562,0.3550832299917509,-0.15802849985681822,0.07574171376340093,713,0.40700499693947184,0.26622551708177167,0.3365906692217575,0.29185319888692746,0.11995721973325137,1196.808772675186222882986109,0,a3c8798a95b996ab2ad2b739f24566d33843a1cf9725038ec50359f8d9ec2f57
spot|exit-confirm|slip2|1E+4|0|unscaled,spot,exit-confirm,slip2,10000,False,0,0.34335353120450063,0.3240208376342744507104400855,0.3032788371528059,-0.15887150427242303,0.06750766027338222,894,0.2593676714732056,0.20110252657591124,0.07510289736021435,0.09162657854131565,0.014027919911172814,262.2105844303039901374999950,0,3444a4fae3b1d426f452748259dfa298e2ea9048a2a366a7a5fb826b404bf0cf
spot|protected-participation-100|base|1E+4|0|unscaled,spot,protected-participation-100,base,10000,False,0,0.4408221237831127,0.7401756868994973114106187634,0.7279316960447757,-0.15305715410155873,0.09962923536537367,1050,0.8779415953203618,0.05021120649968862,0.9195595814867245,0.48577373725902917,0.005119008517659942,316.2410740883082000000000062,0,0ddbcb09c7a30ea2a602d98bb598730187d39d9377d2cd398d37400e2c25cf3e
spot|protected-participation-100|fee150|1E+4|0|unscaled,spot,protected-participation-100,fee150,10000,False,0,0.4375056166196327,0.7422474461555786473305173143,0.7301010837729809,-0.15347996035964928,0.09973079405258452,1050,0.8782657817008755,0.04782427864692771,0.9198267159239879,0.4858790823084404,0.0031988526047249705,470.1503165923321500000000263,0,7d233a26d22491f38d030305cc33a89cae94b746d8a8bbf04da8f1ce68be94ca
spot|protected-participation-100|outage|1E+4|0|unscaled,spot,protected-participation-100,outage,10000,False,0,0.4046978676170334,0.7401768810701715073477001364,0.7279329344411571,-0.15305627018875545,0.09962935228187461,1050,0.8580116664494429,0.03223532602048163,0.9195617975064857,0.4857742785806005,0.005116742047488788,267.3528921597395000000000030,0,41f7bb6fa6dd42d5af8bf9091c16716dff706f9052b3efa1fcd6e34597a363ae
spot|protected-participation-100|slip2|1E+4|0|unscaled,spot,protected-participation-100,slip2,10000,False,0,0.43600722055376795,0.7431490393805942487069685323,0.7310451595050381,-0.1534816040826602,0.09982041569560295,1050,0.8784868616052828,0.04673159404859422,0.9200464235285928,0.48599223929761953,0.0022483047446767903,312.0531343864644000000000072,0,d9396adb2782b3b900532189856ebe0d63b4afe99b3e7636f436e6f3797b8227
spot|protected-participation-25|base|1E+4|0|unscaled,spot,protected-participation-25,base,10000,False,0,0.18104845755617682,0.2475486983427698761950109490,0.24031231912032547,-0.1044792930692161,0.039519937616471844,923,0.2948806341689452,0.03142214393647309,0.2886416256719602,0.15997694731748577,0.0017846690997598304,28.76518013773920000000000137,0,d5325031be5ded522e909ce4a65cc7bc6939bc488ebb4957a55c4c2be2f8a699
spot|protected-participation-25|fee150|1E+4|0|unscaled,spot,protected-participation-25,fee150,10000,False,0,0.18029177122061513,0.2481771541942198270191492668,0.24166405076785646,-0.10476153934518107,0.039534394035933944,923,0.29490361964055867,0.030770308809916574,0.28866663241669643,0.15998090624357464,0.0013187801589845311,43.03216810046984999999999918,0,5adacdbad10683b96ba860b19a4c0931c30cc7ed09bd7b7b9fb1f4de71476100
spot|protected-participation-25|outage|1E+4|0|unscaled,spot,protected-participation-25,outage,10000,False,0,0.16225190320655014,0.2474399807914527387633574372,0.24035088401017135,-0.09882190948106628,0.03836348270724517,923,0.2841379356534737,0.020067227491850165,0.28863023066485394,0.15997312886744905,0.0018090840946179323,25.82524308797049999999999917,0,5d42ad434b3a9c9edcd558ae088c81f1a84638c052d4200223a0807ce0b83855
spot|protected-participation-25|slip2|1E+4|0|unscaled,spot,protected-participation-25,slip2,10000,False,0,0.17994998886225955,0.2486526377886961786627268345,0.24229357155225584,-0.1050490943243616,0.03955691399421893,923,0.2949793723003368,0.030450485503418296,0.2886843105371034,0.15999419951599556,0.0010642737385918432,28.64430730885399999999999942,0,aac6806ca59340270b3df7d0704783ce6e268c8b5c84fd9e1c091975a7e188f1
spot|protected-participation-50|base|1E+4|0|unscaled,spot,protected-participation-50,base,10000,False,0,0.30313202992235144,0.4541877906653958983865414769,0.44576236994274876,-0.13159412080693134,0.06174466036018351,965,0.5170171380044806,0.04541122724675613,0.5214221400225486,0.2799398808367878,0.004581154048706603,92.55390082374220000000000138,0,685c7008aafef92ec34933a34521075e3a474f335f3418f4fc92d9ddab20e976
spot|protected-participation-50|fee150|1E+4|0|unscaled,spot,protected-participation-50,fee150,10000,False,0,0.30152929206641854,0.4562467168253406321434799698,0.44785447667547684,-0.13195150941211353,0.061777982237693874,965,0.5170869239420881,0.04415188181699396,0.521471374803301,0.2799487074430361,0.0036096623026398043,138.1578201928486500000000001,0,5f379132c11cfe626377978605409ea7c9146fb520a9c446f84bfcd2db735994
spot|protected-participation-50|outage|1E+4|0|unscaled,spot,protected-participation-50,outage,10000,False,0,0.2757187817912121,0.4542569594464499372323704236,0.4458316305734433,-0.1284826177308097,0.06109052696395273,965,0.5020092750607638,0.03023653048662789,0.5214676560871385,0.2799589355386773,0.004576756266064004,80.42977483372280000000000028,0,431ca26ccff0ae754d109114913b3b2dfc7718d320f33f590b455609750b91e8
spot|protected-participation-50|slip2|1E+4|0|unscaled,spot,protected-participation-50,slip2,10000,False,0,0.3008018613011849,0.4572124198342924983629434192,0.4488352185930522,-0.1323212751868429,0.0618150200347618,965,0.5172121977264458,0.043550293494887475,0.5215875301925391,0.2800093662571578,0.0031251452152985955,91.86044971953419999999999773,0,108eafb3f91edfe00592a357a431829b63b39c5390065d8c7bfee4e7ad51e274
spot|protected-participation-75|base|1E+4|0|unscaled,spot,protected-participation-75,base,10000,False,0,0.3867840873939321,0.6183632251990312947213754402,0.6053717048074032,-0.1441008202296693,0.08113321327014938,1034,0.7070331590456471,0.05046387276283687,0.7281554883682166,0.3860821353433334,0.005486170478493337,191.2992268790370000000000082,0,ac308806bcb661aa8e4b729c6f4f10a11d55607e00aa5f7cf8659cc039fcad61
spot|protected-participation-75|fee150|1E+4|0|unscaled,spot,protected-participation-75,fee150,10000,False,0,0.38434247326467386,0.6205709274433208455129509125,0.6076571347802839,-0.14450213868730322,0.08120003652780201,1034,0.7072303983337198,0.048634868331547634,0.7282864521733404,0.38612594444813764,0.004041191402932051,284.9627048311900500000000034,0,ddb6719708dbe470a84f27609e6c71f183182b31cabfd12dd16eb8cf0ca615d4
spot|protected-participation-75|outage|1E+4|0|unscaled,spot,protected-participation-75,outage,10000,False,0,0.3540985426176497,0.6183667379617756848782192830,0.6053751106917431,-0.14283773074037687,0.08082316654587621,1034,0.6892212166161453,0.03349717852096644,0.7281649321808797,0.3860862154407774,0.005477103546626811,163.4179595481969000000000043,0,64fec4f15f2126f8383befbd6dc934dbcb2c7bb2e0f38187ef07159eb1e3b1be
spot|protected-participation-75|slip2|1E+4|0|unscaled,spot,protected-participation-75,slip2,10000,False,0,0.38322235592002873,0.6215589888901289969280329476,0.6086789583025092,-0.14490839024338076,0.08126065115974462,1034,0.707401357784107,0.04777667639187564,0.7284497383844775,0.3862093731390808,0.003313510120255715,189.3062803036932000000000047,0,8821fbd4d017a706ca26c353b0a262761df748468810db4f915d129a574ba3c4
spot|stop-budget|base|1E+4|0|risk,spot,stop-budget,base,10000,True,0,0.0278976618819482,0.1971312141594967915949542115,0.18705685897641677,-0.05709968421695888,0.021239219802946012,2409,0.016756193761640996,0.027351087109650243,0.00010594206139406222,6.0713842802432214e-05,-1.122308756416498e-05,3.234581798192866566666666025,0,9bdfca1f720370820f37b347b9bb03bdf457540f70c65d60faa6ddfc3778052f
spot|stop-budget|base|1E+4|0|unscaled,spot,stop-budget,base,10000,False,0,0.0278976618819482,0.1971312141594967915949542115,0.18705685897641677,-0.05709968421695888,0.021239219802946012,2409,0.016756193761640996,0.027351087109650243,0.00010594206139406222,6.0713842802432214e-05,-1.122308756416498e-05,3.234581798192866566666666025,0,c5422ef1b46832c46366180ceb633411ec4744b672e1334b55e43a2045c59aac
spot|stop-budget|fee150|1E+4|0|unscaled,spot,stop-budget,fee150,10000,False,0,0.027729864301239138,0.1974215656716068642650330300,0.1873481322734113,-0.05709968404204291,0.02123271540947439,2409,0.01713338935294201,0.02697496876730907,0.0006053585688777164,0.00034688454883363684,-6.407729034624447e-05,4.848167234832643099999999377,0,e2327566b997b92c1c0993bbe0a98054ae15573ab48030a346968550c23f15ed
spot|stop-budget|outage|1E+4|0|unscaled,spot,stop-budget,outage,10000,False,0,0.0278976618819482,0.1971312141594967915949542115,0.18705685897641677,-0.05709968421695888,0.021239219802946012,2409,0.016756193761640996,0.027351087109650243,0.00010594206139406222,6.0713842802432214e-05,-1.122308756416498e-05,3.234581798192866566666666025,0,3f24e37b337a8af287bea54effc3cf3dcfc378f4a6d916088204ffcf29bb41cd
spot|stop-budget|slip2|1E+4|0|unscaled,spot,stop-budget,slip2,10000,False,0,0.027678043975172928,0.1975040892912297534459848412,0.18743124339944028,-0.05709968399498311,0.021229424962308608,2409,0.017190178722406427,0.02689048700019294,0.0006876070034098334,0.00039400778909837175,-7.277356956294366e-05,3.230373695408432800000000339,0,ecf06ee7f9d1cc645aba31cfd7cda162400302b6287cb7cbd1ae02ce5b4aabc7
